{
    "batch_1": {
        "orders": [
            "41",
            "47",
            "55",
            "59",
            "82",
            "86",
            "95",
            "98",
            "101",
            "104",
            "116"
        ],
        "pickRoute": [
            "983",
            "340",
            "1621",
            "2000",
            "1872",
            "1872",
            "1794",
            "122",
            "694",
            "226",
            "238",
            "238",
            "1306",
            "509",
            "855",
            "1839",
            "1416",
            "800"
        ],
        "SKUs": [
            "85",
            "124",
            "125",
            "63",
            "73",
            "73",
            "90",
            "155",
            "179",
            "64",
            "131",
            "131",
            "150",
            "91",
            "149",
            "145",
            "159",
            "160"
        ],
        "distance": 120.501953125,
        "computational_time": 3.526683
    },
    "batch_2": {
        "orders": [
            "1",
            "16",
            "19",
            "25",
            "37",
            "52",
            "64",
            "70",
            "88",
            "103",
            "112"
        ],
        "pickRoute": [
            "362",
            "1768",
            "1237",
            "1308",
            "714",
            "1088",
            "1548",
            "1800",
            "541",
            "1434",
            "1137",
            "967",
            "536",
            "2045",
            "191"
        ],
        "SKUs": [
            "97",
            "134",
            "106",
            "81",
            "3",
            "56",
            "25",
            "55",
            "80",
            "30",
            "2",
            "37",
            "174",
            "107",
            "158"
        ],
        "distance": 119.06640625,
        "computational_time": 3.486124
    },
    "batch_3": {
        "orders": [
            "10",
            "11",
            "13",
            "28",
            "40",
            "43",
            "44",
            "46",
            "56",
            "76",
            "118"
        ],
        "pickRoute": [
            "360",
            "995",
            "1532",
            "1932",
            "83",
            "1846",
            "1846",
            "2020",
            "820",
            "1669",
            "1093",
            "30",
            "1328",
            "1680",
            "548",
            "2037",
            "1287",
            "537",
            "1316",
            "1241"
        ],
        "SKUs": [
            "72",
            "181",
            "17",
            "20",
            "61",
            "116",
            "116",
            "68",
            "115",
            "67",
            "18",
            "117",
            "86",
            "69",
            "21",
            "41",
            "71",
            "16",
            "182",
            "62"
        ],
        "distance": 195.509765625,
        "computational_time": 3.509645
    },
    "batch_4": {
        "orders": [
            "6",
            "7",
            "9",
            "27",
            "31",
            "57",
            "68",
            "106",
            "111",
            "121",
            "123"
        ],
        "pickRoute": [
            "1776",
            "650",
            "1630",
            "1851",
            "558",
            "1733",
            "6",
            "1400",
            "1785",
            "1270",
            "249",
            "644",
            "644",
            "1663",
            "730",
            "948",
            "843",
            "823",
            "1324"
        ],
        "SKUs": [
            "11",
            "87",
            "173",
            "172",
            "14",
            "189",
            "163",
            "40",
            "103",
            "190",
            "9",
            "15",
            "15",
            "164",
            "186",
            "187",
            "45",
            "44",
            "10"
        ],
        "distance": 211.01953125,
        "computational_time": 3.544841
    },
    "batch_5": {
        "orders": [
            "12",
            "30",
            "32",
            "58",
            "67",
            "73",
            "78",
            "84",
            "94",
            "110",
            "114"
        ],
        "pickRoute": [
            "1434",
            "616",
            "1336",
            "650",
            "975",
            "1530",
            "1725",
            "1377",
            "678",
            "1617",
            "561",
            "1405",
            "762",
            "245",
            "245",
            "126",
            "2109",
            "416",
            "949"
        ],
        "SKUs": [
            "30",
            "89",
            "119",
            "87",
            "162",
            "19",
            "144",
            "129",
            "176",
            "46",
            "118",
            "128",
            "43",
            "110",
            "110",
            "88",
            "171",
            "102",
            "47"
        ],
        "distance": 190.3671875,
        "computational_time": 3.650408
    },
    "batch_6": {
        "orders": [
            "33",
            "36",
            "63",
            "66",
            "69",
            "75",
            "90",
            "97",
            "99",
            "117",
            "126"
        ],
        "pickRoute": [
            "385",
            "1817",
            "10",
            "995",
            "646",
            "2089",
            "79",
            "828",
            "981",
            "401",
            "401",
            "401",
            "1741",
            "2001",
            "328",
            "1576",
            "288",
            "1779",
            "174",
            "1865",
            "1618",
            "1261",
            "569",
            "344"
        ],
        "SKUs": [
            "147",
            "114",
            "152",
            "181",
            "196",
            "53",
            "48",
            "180",
            "105",
            "151",
            "151",
            "151",
            "138",
            "101",
            "96",
            "49",
            "113",
            "137",
            "104",
            "195",
            "77",
            "54",
            "100",
            "148"
        ],
        "distance": 240.173828125,
        "computational_time": 3.613783
    },
    "batch_7": {
        "orders": [
            "4",
            "8",
            "29",
            "39",
            "54",
            "79",
            "81",
            "87",
            "93",
            "105",
            "108"
        ],
        "pickRoute": [
            "1325",
            "117",
            "1336",
            "1539",
            "331",
            "992",
            "975",
            "1785",
            "1617",
            "1962",
            "1531",
            "856",
            "1552",
            "634",
            "634",
            "639",
            "1975",
            "1046",
            "406",
            "1217",
            "929",
            "1544"
        ],
        "SKUs": [
            "120",
            "60",
            "119",
            "59",
            "167",
            "168",
            "162",
            "103",
            "46",
            "83",
            "143",
            "161",
            "84",
            "7",
            "7",
            "123",
            "142",
            "133",
            "132",
            "42",
            "13",
            "12"
        ],
        "distance": 215.900390625,
        "computational_time": 3.669688
    },