{
    "batch_1": {
        "orders": [
            "5",
            "26",
            "29",
            "56",
            "68",
            "86",
            "89",
            "92",
            "98",
            "113",
            "119"
        ],
        "pickRoute": [
            "1146",
            "500",
            "1012",
            "877",
            "1455",
            "603",
            "1235",
            "748",
            "440",
            "1016",
            "987",
            "689",
            "1499",
            "226",
            "665",
            "1945",
            "255",
            "325",
            "2061"
        ],
        "SKUs": [
            "237",
            "199",
            "62",
            "186",
            "64",
            "209",
            "153",
            "192",
            "193",
            "200",
            "56",
            "249",
            "63",
            "191",
            "10",
            "55",
            "126",
            "9",
            "152"
        ],
        "distance": 167.39453125,
        "computational_time": 35.301822
    },
    "batch_2": {
        "orders": [
            "8",
            "12",
            "33",
            "48",
            "50",
            "63",
            "96",
            "99",
            "102",
            "105"
        ],
        "pickRoute": [
            "578",
            "1630",
            "598",
            "2113",
            "1883",
            "1588",
            "984",
            "1398",
            "259",
            "1042",
            "503"
        ],
        "SKUs": [
            "207",
            "73",
            "25",
            "74",
            "210",
            "219",
            "141",
            "110",
            "215",
            "17",
            "113"
        ],
        "distance": 191.88671875,
        "computational_time": 35.455676
    },
    "batch_3": {
        "orders": [
            "10",
            "19",
            "28",
            "31",
            "34",
            "43",
            "46",
            "82",
            "106",
            "112",
            "160"
        ],
        "pickRoute": [
            "1882",
            "301",
            "1384",
            "304",
            "410",
            "971",
            "541",
            "2096",
            "2144",
            "438",
            "550",
            "1890",
            "260",
            "1686",
            "1254",
            "2040",
            "140",
            "162",
            "2074",
            "1322",
            "455",
            "54",
            "916",
            "1220",
            "449",
            "80",
            "1904",
            "886",
            "793"
        ],
        "SKUs": [
            "40",
            "331",
            "234",
            "106",
            "97",
            "330",
            "221",
            "41",
            "236",
            "179",
            "42",
            "76",
            "75",
            "21",
            "68",
            "105",
            "60",
            "329",
            "116",
            "266",
            "69",
            "20",
            "61",
            "96",
            "222",
            "104",
            "98",
            "220",
            "235"
        ],
        "distance": 170.576171875,
        "computational_time": 35.376601
    },
    "batch_4": {
        "orders": [
            "1",
            "3",
            "16",
            "79",
            "94",
            "124",
            "130",
            "135",
            "136",
            "151",
            "154"
        ],
        "pickRoute": [
            "1732",
            "1129",
            "823",
            "750",
            "1060",
            "1063",
            "1085",
            "1156",
            "1394",
            "117",
            "346",
            "1573",
            "766"
        ],
        "SKUs": [
            "33",
            "279",
            "172",
            "258",
            "269",
            "2",
            "320",
            "204",
            "319",
            "278",
            "6",
            "173",
            "313"
        ],
        "distance": 119.595703125,
        "computational_time": 35.425594
    },
    "batch_5": {
        "orders": [
            "18",
            "21",
            "39",
            "42",
            "45",
            "51",
            "78",
            "90",
            "126",
            "129",
            "150"
        ],
        "pickRoute": [
            "551",
            "1563",
            "1721",
            "93",
            "1857",
            "1637",
            "841",
            "3",
            "785",
            "1053",
            "852",
            "891",
            "288",
            "1248",
            "1838",
            "678",
            "1947",
            "2156",
            "8",
            "1650",
            "41",
            "622",
            "1331",
            "1243",
            "1419",
            "1334",
            "1373",
            "1322"
        ],
        "SKUs": [
            "90",
            "268",
            "103",
            "38",
            "88",
            "262",
            "171",
            "39",
            "94",
            "267",
            "89",
            "312",
            "196",
            "114",
            "170",
            "46",
            "45",
            "101",
            "37",
            "195",
            "261",
            "115",
            "95",
            "102",
            "169",
            "311",
            "194",
            "266"
        ],
        "distance": 224.0703125,
        "computational_time": 35.199394
    },
    "batch_6": {
        "orders": [
            "22",
            "49",
            "52",
            "73",
            "76",
            "97",
            "100",
            "103",
            "109",
            "118",
            "133"
        ],
        "pickRoute": [
            "685",
            "1423",
            "866",
            "1848",
            "2074",
            "152",
            "455",
            "1786",
            "399",
            "1438",
            "460",
            "1406",
            "2075",
            "717",
            "124",
            "1658",
            "1168",
            "537",
            "941",
            "1241"
        ],
        "SKUs": [
            "247",
            "274",
            "165",
            "112",
            "116",
            "160",
            "69",
            "275",
            "111",
            "216",
            "118",
            "208",
            "166",
            "228",
            "159",
            "248",
            "276",
            "211",
            "117",
            "47"
        ],
        "distance": 132.484375,
        "computational_time": 35.409655
    },
    "batch_7": {
        "orders": [
            "24",
            "30",
            "57",
            "66",
            "75",
            "81",
            "108",
            "117",
            "120",
            "138",
            "141"
        ],
        "pickRoute": [
            "1655",
            "113",
            "1266",
            "22",
            "895",
            "661",
            "869",
            "284",
            "437",
            "600",
            "1741",
            "194",
            "1530",
            "1972",
            "324",
            "998",
            "968",
            "809",
            "1521",
            "1280",
            "854",
            "1161",
            "2159",
            "1668"
        ],