{
    "batch_1": {
        "orders": [
            "4",
            "35",
            "46",
            "48",
            "53",
            "62",
            "64",
            "68",
            "70",
            "71",
            "76",
            "77",
            "98",
            "103",
            "112",
            "116",
            "120",
            "124",
            "130",
            "131",
            "140",
            "146"
        ],
        "pickRoute": [
            "146",
            "1910",
            "1776",
            "1662",
            "750",
            "1142",
            "2038",
            "1424",
            "1751",
            "75",
            "378",
            "486",
            "829",
            "111",
            "532",
            "1146",
            "1678",
            "935",
            "417",
            "590",
            "1242",
            "325",
            "680",
            "1139",
            "1645",
            "1055",
            "1680",
            "1174"
        ],
        "SKUs": [
            "200",
            "174",
            "114",
            "96",
            "175",
            "159",
            "186",
            "72",
            "192",
            "70",
            "201",
            "6",
            "115",
            "152",
            "131",
            "93",
            "148",
            "226",
            "216",
            "54",
            "79",
            "202",
            "107",
            "108",
            "180",
            "103",
            "102",
            "106"
        ],
        "distance": 151.103515625,
        "computational_time": 21.038169
    },
    "batch_2": {
        "orders": [
            "10",
            "13",
            "16",
            "19",
            "31",
            "34",
            "43",
            "55",
            "58",
            "61",
            "67",
            "73",
            "82",
            "85",
            "88",
            "97",
            "106",
            "109",
            "115",
            "121",
            "136",
            "139",
            "142",
            "145",
            "148",
            "151",
            "157"
        ],
        "pickRoute": [
            "1360",
            "1105",
            "11",
            "1505",
            "317",
            "956",
            "630",
            "1039",
            "502",
            "1325",
            "2094",
            "86",
            "631",
            "1686",
            "285",
            "1369",
            "1602",
            "1710",
            "396",
            "1489",
            "1060",
            "1663",
            "357",
            "2130",
            "344",
            "916",
            "823",
            "1538",
            "57",
            "1376",
            "1305",
            "801",
            "1507",
            "1790",
            "1450",
            "1099",
            "128",
            "985",
            "243",
            "1410",
            "434",
            "1390",
            "23",
            "1911",
            "1669",
            "1645"
        ],
        "SKUs": [
            "86",
            "26",
            "31",
            "224",
            "219",
            "169",
            "16",
            "124",
            "164",
            "210",
            "165",
            "101",
            "17",
            "136",
            "100",
            "228",
            "215",
            "220",
            "92",
            "225",
            "125",
            "25",
            "233",
            "87",
            "30",
            "150",
            "82",
            "110",
            "229",
            "49",
            "188",
            "135",
            "179",
            "187",
            "234",
            "65",
            "241",
            "53",
            "21",
            "91",
            "209",
            "170",
            "151",
            "130",
            "214",
            "180"
        ],
        "distance": 207.646484375,
        "computational_time": 21.014243
    },
    "batch_3": {
        "orders": [
            "6",
            "9",
            "15",
            "36",
            "39",
            "40",
            "42",
            "51",
            "60",
            "63",
            "69",
            "78",
            "79",
            "81",
            "84",
            "87",
            "92",
            "99",
            "111",
            "126",
            "127",
            "128",
            "129",
            "147",
            "149",
            "150",
            "153"
        ],
        "pickRoute": [
            "119",
            "608",
            "220",
            "1336",
            "21",
            "640",
            "1269",
            "492",
            "922",
            "1626",
            "1626",
            "782",
            "27",
            "2142",
            "1546",
            "1546",
            "1546",
            "210",
            "2150",
            "2150",
            "1266",
            "992",
            "551",
            "374",
            "738",
            "379",
            "1709",
            "1176",
            "225",
            "1562",
            "785",
            "785",
            "785",
            "925",
            "891",
            "1041",
            "1831",
            "968",
            "1778",
            "728",
            "1883",
            "2041",
            "1292",
            "1990",
            "1207",
            "1207",
            "776",
            "692",
            "871",
            "2007",
            "701",
            "1242",
            "1353"
        ],
        "SKUs": [
            "118",
            "119",
            "62",
            "227",
            "23",
            "90",
            "14",
            "104",
            "199",
            "61",
            "61",
            "173",
            "123",
            "60",
            "134",
            "134",
            "134",
            "129",
            "236",
            "236",
            "122",
            "9",
            "231",
            "15",
            "10",
            "77",
            "133",
            "116",
            "232",
            "95",
            "117",
            "117",
            "117",
            "105",
            "141",
            "55",
            "154",
            "24",
            "153",
            "194",
            "128",
            "76",
            "195",
            "64",
            "198",
            "198",
            "94",
            "143",
            "142",
            "197",
            "230",
            "79",
            "196"
        ],
        "distance": 302.9921875,
        "computational_time": 20.826498
    },
    "batch_4": {
        "orders": [
            "3",
            "8",
            "11",
            "14",
            "17",
            "21",
            "24",
            "25",
            "27",
            "29",
            "30",
            "37",
            "45",
            "49",
            "66",
            "83",
            "104",
            "107",
            "108",
            "113",
            "118",
            "119",
            "134",
            "135",
            "143",
            "144",
            "152"
        ],