{
    "batch_1": {
        "orders": [
            "3",
            "12",
            "27",
            "42",
            "54"
        ],
        "pickRoute": [
            "1160",
            "3",
            "493",
            "400",
            "471"
        ],
        "SKUs": [
            "108",
            "7",
            "55",
            "27",
            "86"
        ],
        "distance": 155.91,
        "computational_time": 6.920181
    },
    "batch_2": {
        "orders": [
            "11",
            "16",
            "29",
            "38",
            "56",
            "71",
            "73",
            "80"
        ],
        "pickRoute": [
            "1860",
            "1414",
            "83",
            "1023",
            "1077",
            "1180",
            "1823",
            "863",
            "1915",
            "871",
            "871",
            "824",
            "1361",
            "766",
            "1791",
            "2073",
            "1928",
            "1146",
            "415",
            "1853",
            "1124",
            "1332",
            "1320"
        ],
        "SKUs": [
            "36",
            "34",
            "35",
            "150",
            "78",
            "12",
            "142",
            "112",
            "79",
            "26",
            "26",
            "146",
            "145",
            "149",
            "24",
            "59",
            "167",
            "80",
            "110",
            "166",
            "111",
            "165",
            "25"
        ],
        "distance": 242.916015625,
        "computational_time": 6.77827
    },
    "batch_3": {
        "orders": [
            "5",
            "8",
            "14",
            "20",
            "23",
            "59",
            "62",
            "77"
        ],
        "pickRoute": [
            "764",
            "107",
            "595",
            "198",
            "1983",
            "1184",
            "1381",
            "997",
            "1329",
            "1584",
            "231",
            "1407",
            "701",
            "1242",
            "2077",
            "429"
        ],
        "SKUs": [
            "29",
            "17",
            "48",
            "11",
            "160",
            "45",
            "116",
            "159",
            "10",
            "124",
            "18",
            "122",
            "43",
            "123",
            "44",
            "30"
        ],
        "distance": 144.658203125,
        "computational_time": 6.803051
    },
    "batch_4": {
        "orders": [
            "17",
            "26",
            "41",
            "50",
            "65",
            "68",
            "74",
            "83"
        ],
        "pickRoute": [
            "117",
            "3",
            "142",
            "1877",
            "121",
            "470",
            "392",
            "1832",
            "668",
            "1816",
            "964",
            "464",
            "1339",
            "1413",
            "1183",
            "160",
            "1495",
            "1148",
            "1794",
            "1427",
            "47",
            "1265"
        ],
        "SKUs": [
            "148",
            "7",
            "40",
            "99",
            "172",
            "153",
            "132",
            "39",
            "139",
            "85",
            "54",
            "151",
            "38",
            "152",
            "138",
            "101",
            "137",
            "130",
            "37",
            "131",
            "100",
            "53"
        ],
        "distance": 217.259765625,
        "computational_time": 6.745254
    },
    "batch_5": {
        "orders": [
            "6",
            "21",
            "24",
            "33",
            "55",
            "60",
            "66",
            "81"
        ],
        "pickRoute": [
            "2133",
            "1984",
            "2011",
            "2011",
            "1643",
            "995",
            "293",
            "1160",
            "638",
            "553",
            "2156",
            "59",
            "1725",
            "1180",
            "1552",
            "1878",
            "1424"
        ],
        "SKUs": [
            "133",
            "51",
            "109",
            "109",
            "49",
            "13",
            "134",
            "108",
            "46",
            "65",
            "118",
            "168",
            "66",
            "12",
            "50",
            "117",
            "119"
        ],
        "distance": 198.01953125,
        "computational_time": 6.854293
    },
    "batch_6": {
        "orders": [
            "7",
            "28",
            "37",
            "61",
            "67",
            "70",
            "76",
            "82"
        ],
        "pickRoute": [
            "1837",
            "356",
            "1507",
            "1801",
            "1088",
            "631",
            "1274",
            "521",
            "1137",
            "750",
            "265",
            "408",
            "1310",
            "1807",
            "928",
            "837",
            "1669",
            "2075",
            "713",
            "1241"
        ],
        "SKUs": [
            "15",
            "143",
            "121",
            "170",
            "58",
            "158",
            "169",
            "135",
            "75",
            "76",
            "157",
            "171",
            "120",
            "56",
            "14",
            "144",
            "16",
            "77",
            "136",
            "57"
        ],
        "distance": 125.736328125,
        "computational_time": 6.719071
    },
    "batch_7": {
        "orders": [
            "9",
            "15",
            "36",
            "39",
            "48",
            "63",
            "72",
            "84"
        ],
        "pickRoute": [
            "1238",
            "1238",
            "117",
            "1783",
            "1999",
            "1077",
            "242",
            "1283",
            "1477",
            "328",
            "1960",
            "1562",
            "493",
            "2064",
            "2064",
            "2078",
            "1896",
            "1345",
            "743",
            "1366",
            "1528",
            "883",
            "294",
            "1399",
            "627"
        ],
        "SKUs": [
            "174",
            "174",
            "148",
            "33",
            "19",
            "78",
            "97",
            "74",
            "125",
            "20",
            "81",
            "147",
            "55",
            "173",
            "173",
            "96",
            "73",
            "83",
            "126",
            "31",
            "127",
            "32",
            "82",
            "72",
            "95"
        ],
        "distance": 223.013671875,
        "computational_time": 6.829477
    },
    "batch_8": {
        "orders": [
            "18",
            "30",
            "51",
            "53",
            "57",
            "69",
            "75",
            "78"
        ],
        "pickRoute": [
            "463",
            "544",
            "263",
            "652",
            "652",
            "1263",
            "759",
            "1779",
            "2046",
            "1938",
            "1588",
            "1588",
            "142",
            "1640",
            "1013",
            "2064",
            "1924",
            "1258",
            "150",
            "1823",
            "1205",
            "742"
        ],