{
    "batch_1": {
        "orders": [
            "2",
            "14",
            "47",
            "53",
            "68",
            "79",
            "103",
            "116"
        ],
        "pickRoute": [
            "323",
            "787",
            "96",
            "913",
            "1771",
            "232",
            "1379",
            "420",
            "420",
            "420",
            "708",
            "1996",
            "778",
            "432"
        ],
        "SKUs": [
            "115",
            "150",
            "151",
            "5",
            "21",
            "4",
            "68",
            "99",
            "99",
            "99",
            "77",
            "69",
            "167",
            "76"
        ],
        "distance": 156.34375,
        "computational_time": 10.209069
    },
    "batch_2": {
        "orders": [
            "1",
            "13",
            "52",
            "64",
            "70",
            "82",
            "94",
            "106",
            "112",
            "118",
            "124",
            "127"
        ],
        "pickRoute": [
            "1167",
            "94",
            "1082",
            "1082",
            "1691",
            "2023",
            "189",
            "1211",
            "877",
            "163",
            "1929",
            "717",
            "1185",
            "844",
            "456",
            "1291",
            "2045",
            "1376",
            "1296",
            "912",
            "2014",
            "354",
            "848"
        ],
        "SKUs": [
            "169",
            "136",
            "93",
            "93",
            "2",
            "185",
            "178",
            "101",
            "16",
            "162",
            "3",
            "170",
            "19",
            "184",
            "119",
            "155",
            "179",
            "75",
            "102",
            "135",
            "163",
            "20",
            "156"
        ],
        "distance": 173.1171875,
        "computational_time": 10.157349
    },
    "batch_3": {
        "orders": [
            "20",
            "35",
            "44",
            "56",
            "59",
            "74",
            "89",
            "101",
            "104",
            "113",
            "122",
            "128"
        ],
        "pickRoute": [
            "267",
            "267",
            "640",
            "269",
            "668",
            "1374",
            "1289",
            "77",
            "255",
            "1632",
            "2080",
            "660",
            "67",
            "1666",
            "1456",
            "1565",
            "1179",
            "231",
            "1139",
            "641",
            "1587",
            "1242"
        ],
        "SKUs": [
            "122",
            "122",
            "82",
            "70",
            "152",
            "85",
            "147",
            "187",
            "81",
            "64",
            "175",
            "186",
            "49",
            "108",
            "50",
            "111",
            "107",
            "28",
            "164",
            "86",
            "146",
            "128"
        ],
        "distance": 235.38671875,
        "computational_time": 10.085227
    },
    "batch_4": {
        "orders": [
            "6",
            "9",
            "27",
            "54",
            "66",
            "81",
            "99",
            "102",
            "105",
            "111",
            "115",
            "120"
        ],
        "pickRoute": [
            "1740",
            "1650",
            "210",
            "619",
            "2004",
            "887",
            "1777",
            "326",
            "2066",
            "1644",
            "1398",
            "1260",
            "891",
            "726",
            "785",
            "1412",
            "1562",
            "678",
            "678",
            "1161",
            "1615"
        ],
        "SKUs": [
            "72",
            "154",
            "10",
            "78",
            "143",
            "97",
            "173",
            "117",
            "38",
            "148",
            "172",
            "118",
            "96",
            "153",
            "149",
            "13",
            "39",
            "161",
            "161",
            "9",
            "166"
        ],
        "distance": 210.00390625,
        "computational_time": 10.042909
    },
    "batch_5": {
        "orders": [
            "11",
            "22",
            "23",
            "28",
            "32",
            "46",
            "77",
            "80",
            "83",
            "85",
            "92",
            "119"
        ],
        "pickRoute": [
            "1887",
            "888",
            "1698",
            "877",
            "313",
            "37",
            "1211",
            "1189",
            "383",
            "2039",
            "1067",
            "1001",
            "1001",
            "353",
            "1177",
            "949",
            "2037",
            "1241"
        ],
        "SKUs": [
            "67",
            "123",
            "116",
            "16",
            "46",
            "157",
            "101",
            "132",
            "112",
            "120",
            "171",
            "32",
            "32",
            "121",
            "45",
            "133",
            "31",
            "40"
        ],
        "distance": 114.943359375,
        "computational_time": 10.141178
    },
    "batch_6": {
        "orders": [
            "10",
            "19",
            "25",
            "31",
            "40",
            "49",
            "55",
            "60",
            "61",
            "67",
            "76",
            "100"
        ],
        "pickRoute": [
            "477",
            "1782",
            "921",
            "1810",
            "647",
            "285",
            "633",
            "104",
            "833",
            "608",
            "339",
            "494",
            "1489",
            "955",
            "1085",
            "430",
            "1424",
            "734",
            "1031",
            "1707",
            "1596",
            "1565"
        ],
        "SKUs": [
            "44",
            "57",
            "80",
            "43",
            "36",
            "27",
            "89",
            "15",
            "35",
            "144",
            "98",
            "79",
            "14",
            "71",
            "26",
            "92",
            "87",
            "58",
            "145",
            "110",
            "88",
            "111"
        ],
        "distance": 174.62890625,
        "computational_time": 10.175046
    },
    "batch_7": {
        "orders": [
            "7",
            "12",
            "21",
            "24",
            "37",
            "42",
            "50",
            "51",
            "73",
            "78",
            "90",
            "93"
        ],
        "pickRoute": [
            "237",
            "1192",
            "1668",
            "2159",
            "1712",
            "1740",
            "2133",
            "2133",
            "495",
            "495",
            "2054",
            "661",
            "638",
            "391",
            "391",
            "327",
            "335",
            "2001",
            "328",
            "818",
            "1448",
            "1404",
            "1397",
            "864"
        ],