{
    "batch_1": {
        "orders": [
            "16",
            "46",
            "106",
            "128",
            "142"
        ],
        "pickRoute": [
            "1801",
            "81",
            "1732",
            "2053",
            "820",
            "997",
            "1242"
        ],
        "SKUs": [
            "33",
            "208",
            "280",
            "279",
            "97",
            "209",
            "250"
        ],
        "distance": 92.37109375,
        "computational_time": 14.978555
    },
    "batch_2": {
        "orders": [
            "1",
            "4",
            "19",
            "25",
            "31",
            "34",
            "40",
            "43",
            "64",
            "70",
            "73",
            "76",
            "79",
            "82",
            "91",
            "100",
            "103",
            "112",
            "115",
            "127",
            "130",
            "136",
            "139",
            "148",
            "151",
            "160"
        ],
        "pickRoute": [
            "667",
            "170",
            "988",
            "1098",
            "1112",
            "835",
            "173",
            "1005",
            "1946",
            "1354",
            "1793",
            "2049",
            "1092",
            "1743",
            "86",
            "716",
            "1394",
            "1562",
            "560",
            "762",
            "1771",
            "1104",
            "52",
            "2020",
            "2164",
            "1031",
            "1932",
            "345",
            "1553",
            "542",
            "844",
            "265",
            "1185",
            "1866",
            "1717",
            "521",
            "260",
            "1890",
            "524",
            "1821",
            "1790",
            "915",
            "1894",
            "879",
            "983",
            "105",
            "243",
            "1551",
            "1754",
            "444",
            "1699",
            "1353",
            "2125",
            "449",
            "2021",
            "1929",
            "1887",
            "1887",
            "411",
            "135",
            "937",
            "937",
            "1441",
            "1441",
            "1441",
            "899"
        ],
        "SKUs": [
            "248",
            "72",
            "308",
            "222",
            "288",
            "199",
            "42",
            "203",
            "53",
            "41",
            "92",
            "129",
            "158",
            "168",
            "253",
            "267",
            "94",
            "18",
            "241",
            "198",
            "79",
            "294",
            "40",
            "2",
            "289",
            "74",
            "54",
            "6",
            "141",
            "307",
            "8",
            "183",
            "254",
            "66",
            "273",
            "268",
            "157",
            "142",
            "221",
            "67",
            "150",
            "269",
            "156",
            "143",
            "197",
            "293",
            "169",
            "274",
            "309",
            "167",
            "229",
            "73",
            "86",
            "7",
            "151",
            "162",
            "252",
            "252",
            "184",
            "93",
            "249",
            "249",
            "55",
            "55",
            "55",
            "130"
        ],
        "distance": 323.212890625,
        "computational_time": 14.509774
    },
    "batch_3": {
        "orders": [
            "7",
            "10",
            "13",
            "22",
            "28",
            "39",
            "49",
            "52",
            "55",
            "58",
            "61",
            "67",
            "75",
            "85",
            "88",
            "94",
            "97",
            "105",
            "109",
            "118",
            "121",
            "124",
            "133",
            "145",
            "157",
            "159"
        ],
        "pickRoute": [
            "649",
            "1000",
            "301",
            "974",
            "770",
            "1337",
            "1600",
            "630",
            "850",
            "69",
            "69",
            "1299",
            "647",
            "714",
            "1192",
            "550",
            "631",
            "1141",
            "633",
            "971",
            "104",
            "1325",
            "1661",
            "1691",
            "220",
            "494",
            "1011",
            "119",
            "2157",
            "1314",
            "2168",
            "1742",
            "948",
            "1827",
            "1907",
            "1772",
            "1718",
            "1756",
            "1015",
            "1712",
            "1336",
            "1726",
            "148",
            "13",
            "1352",
            "1703",
            "965",
            "726",
            "1531",
            "1832",
            "905",
            "888"
        ],
        "SKUs": [
            "116",
            "123",
            "261",
            "304",
            "262",
            "239",
            "20",
            "112",
            "135",
            "13",
            "13",
            "283",
            "21",
            "136",
            "124",
            "47",
            "242",
            "27",
            "180",
            "60",
            "215",
            "244",
            "235",
            "104",
            "61",
            "238",
            "117",
            "175",
            "19",
            "25",
            "187",
            "48",
            "243",
            "108",
            "26",
            "122",
            "111",
            "192",
            "154",
            "306",
            "85",
            "271",
            "207",
            "206",
            "83",
            "155",
            "84",
            "205",
            "153",
            "204",
            "152",
            "234"
        ],
        "distance": 310.0234375,
        "computational_time": 14.592577
    },
    "batch_4": {
        "orders": [
            "3",
            "8",
            "12",
            "21",
            "24",
            "27",
            "33",
            "45",
            "57",
            "72",
            "78",
            "84",
            "90",
            "93",
            "95",
            "96",
            "99",
            "102",
            "108",
            "120",
            "123",
            "129",
            "135",
            "140",
            "150",
            "156"
        ],
        "pickRoute": [
            "1399",
            "1276",
            "1607",
            "684",
            "684",
            "1739",
            "762",
            "951",
            "1405",
            "1954",
            "1962",
            "1646",
            "1871",
            "1037",
            "400",
            "883",
            "1152",
            "642",
            "1382",
            "446",
            "2102",
            "856",
            "1918",
            "44",
            "2103",
            "1858",
            "560",
            "300",
            "174",
            "2033",
            "1090",
            "809",
            "157",
            "1280",
            "426",
            "1013",
            "1315",
            "1315",
            "2041",
            "1704",
            "1228",
            "1464",
            "2115",
            "336",
            "89",
            "2000"
        ],