{
    "batch_1": {
        "orders": [
            "10",
            "19",
            "22",
            "28",
            "31",
            "34",
            "37",
            "46",
            "49",
            "52",
            "55",
            "64",
            "70",
            "82",
            "85",
            "91",
            "100",
            "109",
            "115",
            "133",
            "139",
            "142",
            "184",
            "187"
        ],
        "pickRoute": [
            "1105",
            "1570",
            "1760",
            "1882",
            "1768",
            "1505",
            "1237",
            "1005",
            "1946",
            "956",
            "209",
            "1107",
            "1384",
            "1860",
            "858",
            "2117",
            "1325",
            "1800",
            "1959",
            "425",
            "609",
            "633",
            "140",
            "1752",
            "26",
            "767",
            "1772",
            "1751",
            "75",
            "486",
            "821",
            "251",
            "559",
            "2045",
            "2081",
            "1601",
            "1167",
            "813",
            "1099",
            "1213"
        ],
        "SKUs": [
            "62",
            "209",
            "167",
            "53",
            "156",
            "48",
            "271",
            "96",
            "203",
            "16",
            "44",
            "130",
            "69",
            "87",
            "194",
            "115",
            "31",
            "121",
            "73",
            "66",
            "38",
            "26",
            "30",
            "166",
            "131",
            "43",
            "142",
            "65",
            "204",
            "97",
            "27",
            "157",
            "86",
            "208",
            "143",
            "120",
            "275",
            "39",
            "49",
            "15"
        ],
        "distance": 185.365234375,
        "computational_time": 10.187959
    },
    "batch_2": {
        "orders": [
            "11",
            "14",
            "17",
            "20",
            "32",
            "38",
            "40",
            "41",
            "61",
            "65",
            "68",
            "73",
            "76",
            "80",
            "97",
            "101",
            "116",
            "118",
            "143",
            "155",
            "157",
            "185",
            "188",
            "191"
        ],
        "pickRoute": [
            "356",
            "1578",
            "521",
            "1220",
            "245",
            "80",
            "1390",
            "319",
            "798",
            "144",
            "1329",
            "606",
            "445",
            "149",
            "1184",
            "1651",
            "876",
            "812",
            "1945",
            "517",
            "513",
            "691",
            "1136",
            "63",
            "496",
            "47",
            "1317",
            "2077",
            "1645",
            "1653",
            "1513",
            "949"
        ],
        "SKUs": [
            "171",
            "232",
            "106",
            "231",
            "105",
            "170",
            "82",
            "56",
            "102",
            "138",
            "24",
            "211",
            "228",
            "113",
            "45",
            "28",
            "168",
            "57",
            "88",
            "93",
            "210",
            "273",
            "276",
            "281",
            "20",
            "17",
            "144",
            "272",
            "227",
            "92",
            "54",
            "46"
        ],
        "distance": 160.33203125,
        "computational_time": 10.39666
    },
    "batch_3": {
        "orders": [
            "2",
            "8",
            "47",
            "50",
            "59",
            "71",
            "74",
            "77",
            "89",
            "98",
            "103",
            "104",
            "113",
            "119",
            "128",
            "131",
            "137",
            "146",
            "149",
            "152",
            "158",
            "164",
            "167",
            "182"
        ],
        "pickRoute": [
            "1818",
            "1698",
            "877",
            "37",
            "89",
            "1682",
            "1822",
            "1921",
            "1819",
            "1118",
            "1146",
            "2060",
            "1928",
            "2154",
            "871",
            "599",
            "136",
            "864",
            "882",
            "1251",
            "1614",
            "292",
            "1341",
            "1762",
            "336",
            "1759",
            "665",
            "675",
            "1428",
            "277",
            "755",
            "1744",
            "1839",
            "1425",
            "1792",
            "1081"
        ],
        "SKUs": [
            "146",
            "127",
            "67",
            "172",
            "247",
            "103",
            "218",
            "186",
            "63",
            "140",
            "5",
            "163",
            "13",
            "200",
            "233",
            "98",
            "191",
            "128",
            "148",
            "107",
            "243",
            "79",
            "242",
            "268",
            "78",
            "173",
            "4",
            "222",
            "99",
            "223",
            "147",
            "215",
            "108",
            "190",
            "139",
            "164"
        ],
        "distance": 194.291015625,
        "computational_time": 10.306718
    },
    "batch_4": {
        "orders": [
            "21",
            "27",
            "42",
            "45",
            "48",
            "54",
            "57",
            "66",
            "75",
            "102",
            "105",
            "106",
            "114",
            "120",
            "123",
            "126",
            "135",
            "144",
            "145",
            "175",
            "180",
            "183",
            "190"
        ],
        "pickRoute": [
            "457",
            "1797",
            "1790",
            "1485",
            "1291",
            "1880",
            "344",
            "378",
            "746",
            "252",
            "1466",
            "1266",
            "1926",
            "1655",
            "578",
            "797",
            "996",
            "1857",
            "267",
            "337",
            "1709",
            "652",
            "1530",
            "2153",
            "805",
            "1448",
            "241",
            "2113",
            "852",
            "785",
            "1619",
            "592",
            "684"
        ],
        "SKUs": [
            "280",
            "150",
            "213",
            "151",
            "214",
            "279",
            "259",
            "258",
            "197",
            "90",
            "265",
            "165",
            "76",
            "178",
            "29",
            "183",
            "61",
            "196",
            "58",
            "270",
            "174",
            "64",
            "89",
            "182",
            "269",
            "149",
            "212",
            "37",
            "145",
            "104",
            "75",
            "72",
            "179"
        ],
        "distance": 238.703125,
        "computational_time": 10.471333
    },