{
    "batch_1": {
        "orders": [
            "22",
            "25",
            "28",
            "40",
            "41",
            "46",
            "58",
            "85",
            "92",
            "103",
            "105",
            "106",
            "109",
            "110",
            "117",
            "127",
            "130",
            "131",
            "133"
        ],
        "pickRoute": [
            "182",
            "936",
            "2145",
            "1683",
            "1457",
            "1286",
            "928",
            "340",
            "216",
            "187",
            "724",
            "870",
            "1343",
            "515",
            "1257",
            "278",
            "873",
            "871",
            "1495",
            "287",
            "123"
        ],
        "SKUs": [
            "161",
            "65",
            "35",
            "169",
            "201",
            "40",
            "93",
            "195",
            "200",
            "204",
            "75",
            "43",
            "164",
            "180",
            "66",
            "165",
            "202",
            "146",
            "170",
            "67",
            "138"
        ],
        "distance": 153.642578125,
        "computational_time": 9.265629
    },
    "batch_2": {
        "orders": [
            "9",
            "13",
            "14",
            "27",
            "39",
            "43",
            "57",
            "61",
            "64",
            "66",
            "78",
            "79",
            "94",
            "96",
            "100",
            "102",
            "114",
            "124",
            "126"
        ],
        "pickRoute": [
            "1121",
            "1799",
            "2040",
            "844",
            "189",
            "1222",
            "1827",
            "33",
            "2038",
            "1343",
            "43",
            "2089",
            "686",
            "852",
            "781",
            "426",
            "426",
            "142",
            "1865",
            "1133",
            "906",
            "777",
            "1604",
            "1366",
            "1355",
            "1361",
            "1633",
            "1435"
        ],
        "SKUs": [
            "129",
            "70",
            "191",
            "23",
            "103",
            "104",
            "158",
            "108",
            "63",
            "164",
            "107",
            "152",
            "193",
            "176",
            "42",
            "22",
            "22",
            "98",
            "194",
            "92",
            "127",
            "16",
            "64",
            "128",
            "160",
            "24",
            "205",
            "149"
        ],
        "distance": 235.373046875,
        "computational_time": 9.431533
    },
    "batch_3": {
        "orders": [
            "116"
        ],
        "pickRoute": [
            "429"
        ],
        "SKUs": [
            "179"
        ],
        "distance": 55.85,
        "computational_time": 9.462779
    },
    "batch_4": {
        "orders": [
            "2",
            "20",
            "23",
            "35",
            "44",
            "47",
            "53",
            "56",
            "59",
            "62",
            "83",
            "86",
            "89",
            "91",
            "98",
            "107",
            "113",
            "119",
            "125"
        ],
        "pickRoute": [
            "1710",
            "1896",
            "1705",
            "1864",
            "1678",
            "448",
            "1970",
            "64",
            "603",
            "1499",
            "184",
            "77",
            "100",
            "234",
            "1446",
            "1861",
            "1136",
            "1939",
            "701",
            "868",
            "325",
            "2",
            "24",
            "451",
            "1329",
            "1265",
            "1055",
            "1174",
            "1680",
            "949"
        ],
        "SKUs": [
            "145",
            "168",
            "72",
            "135",
            "99",
            "36",
            "183",
            "37",
            "62",
            "192",
            "151",
            "166",
            "100",
            "71",
            "155",
            "91",
            "4",
            "56",
            "134",
            "86",
            "95",
            "156",
            "175",
            "143",
            "55",
            "139",
            "76",
            "85",
            "33",
            "94"
        ],
        "distance": 219.04296875,
        "computational_time": 9.408113
    },
    "batch_5": {
        "orders": [
            "3",
            "6",
            "12",
            "15",
            "21",
            "29",
            "30",
            "51",
            "63",
            "69",
            "72",
            "77",
            "81",
            "82",
            "84",
            "87",
            "93",
            "123",
            "132"
        ],
        "pickRoute": [
            "200",
            "658",
            "569",
            "561",
            "1302",
            "1617",
            "1617",
            "446",
            "446",
            "19",
            "1694",
            "1250",
            "505",
            "505",
            "150",
            "795",
            "795",
            "856",
            "2018",
            "676",
            "246",
            "989",
            "1494",
            "852",
            "560",
            "1552",
            "1056",
            "1260",
            "529",
            "1670",
            "198",
            "1606",
            "719",
            "278"
        ],
        "SKUs": [
            "136",
            "113",
            "137",
            "118",
            "11",
            "25",
            "25",
            "34",
            "34",
            "117",
            "148",
            "10",
            "46",
            "46",
            "21",
            "133",
            "133",
            "82",
            "147",
            "20",
            "190",
            "203",
            "132",
            "176",
            "102",
            "140",
            "101",
            "5",
            "47",
            "44",
            "45",
            "126",
            "125",
            "165"
        ],
        "distance": 243.392578125,
        "computational_time": 9.306876
    },
    "batch_6": {
        "orders": [
            "1",
            "4",
            "7",
            "16",
            "19",
            "31",
            "34",
            "37",
            "49",
            "55",
            "67",
            "70",
            "73",
            "76",
            "88",
            "97",
            "112",
            "115",
            "121"
        ],
        "pickRoute": [
            "990",
            "1570",
            "1005",
            "1845",
            "594",
            "317",
            "1313",
            "1354",
            "1684",
            "1299",
            "1111",
            "736",
            "1848",
            "896",
            "7",
            "119",
            "494",
            "1718",
            "1394",
            "345",
            "139",
            "34",
            "1142",
            "1742",
            "528",
            "265",
            "245",
            "1429",
            "1470",
            "1140",
            "90",
            "1564",
            "2138",
            "1106",
            "1994",
            "466",
            "325",
            "512",
            "899",
            "1187"
        ],