{
    "batch_1": {
        "orders": [
            "1",
            "30",
            "33",
            "36",
            "42",
            "47",
            "67",
            "75",
            "84",
            "104",
            "120",
            "123",
            "129"
        ],
        "pickRoute": [
            "844",
            "1364",
            "1712",
            "1947",
            "782",
            "495",
            "1671",
            "1740",
            "1740",
            "1020",
            "1795",
            "1352",
            "374",
            "828",
            "1352",
            "1563",
            "1943",
            "1943",
            "116",
            "818",
            "1635",
            "887",
            "579",
            "1931",
            "965",
            "678",
            "400",
            "31",
            "1896",
            "211",
            "1778",
            "903",
            "1674"
        ],
        "SKUs": [
            "2",
            "130",
            "240",
            "71",
            "139",
            "57",
            "242",
            "44",
            "44",
            "58",
            "131",
            "94",
            "235",
            "234",
            "94",
            "64",
            "205",
            "205",
            "81",
            "166",
            "144",
            "145",
            "165",
            "83",
            "82",
            "66",
            "253",
            "241",
            "70",
            "65",
            "233",
            "254",
            "93"
        ],
        "distance": 252.166015625,
        "computational_time": 24.500916
    },
    "batch_2": {
        "orders": [
            "5",
            "20",
            "21",
            "39",
            "44",
            "45",
            "53",
            "65",
            "86",
            "110",
            "116",
            "131",
            "143"
        ],
        "pickRoute": [
            "1175",
            "1539",
            "1010",
            "1962",
            "428",
            "2142",
            "311",
            "1503",
            "951",
            "2068",
            "1465",
            "1230",
            "1374",
            "369",
            "838",
            "1413",
            "1941",
            "1941",
            "1436",
            "349",
            "433",
            "479",
            "1585",
            "1361",
            "37",
            "1550",
            "2035",
            "774",
            "334",
            "1939"
        ],
        "SKUs": [
            "89",
            "77",
            "41",
            "90",
            "26",
            "69",
            "102",
            "88",
            "42",
            "169",
            "86",
            "39",
            "170",
            "126",
            "229",
            "106",
            "10",
            "10",
            "171",
            "277",
            "228",
            "9",
            "87",
            "256",
            "227",
            "127",
            "40",
            "278",
            "215",
            "216"
        ],
        "distance": 232.822265625,
        "computational_time": 24.562187
    },
    "batch_3": {
        "orders": [
            "15",
            "24",
            "48",
            "60",
            "69",
            "78",
            "81",
            "87",
            "96",
            "125",
            "126",
            "132",
            "141"
        ],
        "pickRoute": [
            "1814",
            "1270",
            "960",
            "1617",
            "423",
            "746",
            "1080",
            "1783",
            "1795",
            "1721",
            "981",
            "943",
            "1913",
            "327",
            "547",
            "1927",
            "1491",
            "1831",
            "288",
            "1076",
            "904",
            "2046",
            "1404",
            "1321",
            "1372",
            "488",
            "1733",
            "1249",
            "968",
            "2064",
            "1315",
            "1486",
            "292",
            "1147"
        ],
        "SKUs": [
            "119",
            "191",
            "113",
            "258",
            "172",
            "275",
            "47",
            "135",
            "131",
            "28",
            "95",
            "249",
            "117",
            "134",
            "152",
            "96",
            "153",
            "27",
            "190",
            "48",
            "248",
            "159",
            "154",
            "29",
            "118",
            "274",
            "245",
            "257",
            "133",
            "97",
            "173",
            "247",
            "246",
            "243"
        ],
        "distance": 260.748046875,
        "computational_time": 24.294521
    },
    "batch_4": {
        "orders": [
            "66"
        ],
        "pickRoute": [
            "1976",
            "1382"
        ],
        "SKUs": [
            "129",
            "128"
        ],
        "distance": 116.66,
        "computational_time": 24.570243
    },
    "batch_5": {
        "orders": [
            "22",
            "31",
            "37",
            "52",
            "55",
            "58",
            "76",
            "82",
            "91",
            "94",
            "121",
            "136",
            "139"
        ],
        "pickRoute": [
            "485",
            "1035",
            "1354",
            "1200",
            "1793",
            "1313",
            "1548",
            "1860",
            "1860",
            "425",
            "1933",
            "489",
            "2074",
            "767",
            "1663",
            "776",
            "1740",
            "1160",
            "745",
            "2010",
            "1818",
            "1887",
            "1786",
            "340",
            "1732",
            "2013",
            "1423",
            "1487",
            "1274",
            "1782",
            "1580",
            "1955",
            "105",
            "185",
            "894",
            "793",
            "319"
        ],
        "SKUs": [
            "184",
            "263",
            "147",
            "236",
            "114",
            "103",
            "105",
            "60",
            "60",
            "238",
            "109",
            "74",
            "185",
            "160",
            "146",
            "268",
            "44",
            "203",
            "207",
            "73",
            "186",
            "264",
            "270",
            "178",
            "43",
            "265",
            "59",
            "108",
            "179",
            "104",
            "180",
            "161",
            "237",
            "269",
            "115",
            "148",
            "72"
        ],
        "distance": 289.044921875,
        "computational_time": 24.467415
    },
    "batch_6": {
        "orders": [
            "11",
            "16",
            "19",
            "23",
            "29",
            "40",
            "46",
            "61",
            "77",
            "79",
            "106",
            "124",
            "128"
        ],