{
    "batch_1": {
        "orders": [
            "127",
            "130"
        ],
        "pickRoute": [
            "796",
            "1846"
        ],
        "SKUs": [
            "187",
            "191"
        ],
        "distance": 78.38,
        "computational_time": 15.284045
    },
    "batch_2": {
        "orders": [
            "2",
            "5",
            "8",
            "20",
            "22",
            "29",
            "41",
            "53",
            "56",
            "59",
            "61",
            "65",
            "68",
            "71",
            "77",
            "80",
            "83",
            "86",
            "89",
            "92",
            "95",
            "101",
            "110",
            "125",
            "128",
            "131",
            "137"
        ],
        "pickRoute": [
            "2138",
            "1127",
            "163",
            "107",
            "1333",
            "1146",
            "1558",
            "1633",
            "1970",
            "64",
            "415",
            "1091",
            "395",
            "733",
            "73",
            "1835",
            "102",
            "238",
            "1995",
            "2112",
            "432",
            "812",
            "1184",
            "2007",
            "468",
            "1939",
            "1078",
            "496",
            "680",
            "473",
            "641",
            "253",
            "1541",
            "1335",
            "1645",
            "1265",
            "1055",
            "1177"
        ],
        "SKUs": [
            "96",
            "40",
            "95",
            "119",
            "127",
            "193",
            "139",
            "123",
            "106",
            "166",
            "101",
            "151",
            "4",
            "13",
            "188",
            "37",
            "142",
            "93",
            "128",
            "85",
            "107",
            "3",
            "8",
            "133",
            "51",
            "120",
            "189",
            "185",
            "89",
            "9",
            "111",
            "192",
            "68",
            "136",
            "204",
            "152",
            "165",
            "36"
        ],
        "distance": 171.681640625,
        "computational_time": 15.249865
    },
    "batch_3": {
        "orders": [
            "3",
            "11",
            "17",
            "23",
            "26",
            "32",
            "33",
            "35",
            "38",
            "44",
            "47",
            "50",
            "54",
            "60",
            "62",
            "72",
            "74",
            "90",
            "96",
            "98",
            "104",
            "107",
            "113",
            "122",
            "126",
            "129",
            "134"
        ],
        "pickRoute": [
            "1359",
            "1482",
            "1514",
            "278",
            "1891",
            "599",
            "2092",
            "909",
            "999",
            "1592",
            "38",
            "1417",
            "470",
            "6",
            "1486",
            "2029",
            "1315",
            "549",
            "1260",
            "1327",
            "1724",
            "488",
            "984",
            "1465",
            "1363",
            "1873",
            "1294",
            "1230",
            "1339",
            "1606",
            "292",
            "363",
            "1585",
            "125",
            "977",
            "1136",
            "789",
            "24",
            "1645",
            "429",
            "1653",
            "590",
            "351"
        ],
        "SKUs": [
            "156",
            "57",
            "116",
            "198",
            "31",
            "115",
            "47",
            "169",
            "161",
            "97",
            "157",
            "146",
            "41",
            "186",
            "5",
            "137",
            "86",
            "112",
            "143",
            "94",
            "190",
            "58",
            "73",
            "72",
            "199",
            "182",
            "81",
            "76",
            "65",
            "56",
            "61",
            "48",
            "170",
            "42",
            "19",
            "60",
            "147",
            "18",
            "204",
            "30",
            "80",
            "160",
            "64"
        ],
        "distance": 247.103515625,
        "computational_time": 15.217165
    },
    "batch_4": {
        "orders": [
            "7",
            "15",
            "18",
            "21",
            "24",
            "27",
            "28",
            "30",
            "36",
            "39",
            "42",
            "45",
            "48",
            "51",
            "57",
            "63",
            "66",
            "69",
            "75",
            "81",
            "84",
            "102",
            "105",
            "114",
            "120",
            "132",
            "135"
        ],
        "pickRoute": [
            "45",
            "1726",
            "31",
            "1250",
            "1250",
            "103",
            "103",
            "1466",
            "210",
            "1947",
            "1947",
            "257",
            "10",
            "1547",
            "22",
            "2120",
            "1221",
            "1643",
            "995",
            "1655",
            "1999",
            "741",
            "79",
            "374",
            "552",
            "815",
            "424",
            "1972",
            "422",
            "2004",
            "619",
            "785",
            "726",
            "1263",
            "1180",
            "2043",
            "984",
            "309",
            "1261",
            "989",
            "682",
            "1292",
            "1525",
            "1607",
            "776",
            "244"
        ],
        "SKUs": [
            "26",
            "62",
            "153",
            "12",
            "12",
            "50",
            "50",
            "171",
            "195",
            "117",
            "117",
            "82",
            "178",
            "108",
            "27",
            "129",
            "78",
            "130",
            "77",
            "66",
            "24",
            "179",
            "201",
            "194",
            "44",
            "49",
            "39",
            "32",
            "125",
            "98",
            "102",
            "52",
            "90",
            "38",
            "33",
            "103",
            "73",
            "158",
            "70",
            "69",
            "124",
            "53",
            "200",
            "43",
            "99",
            "11"
        ],
        "distance": 287.947265625,
        "computational_time": 15.113013
    },
    "batch_5": {
        "orders": [
            "1",
            "4",
            "10",
            "13",
            "16",
            "25",
            "31",
            "34",
            "37",
            "40",
            "43",
            "49",
            "52",
            "55",
            "58",
            "64",
            "73",
            "79",
            "82",
            "85",
            "91",
            "100",
            "103",
            "106",
            "112",
            "133",
            "136"
        ],