{
    "batch_1": {
        "orders": [
            "6",
            "9",
            "15",
            "24",
            "27",
            "30",
            "33",
            "34",
            "45",
            "51",
            "54",
            "57",
            "75",
            "78",
            "90",
            "93",
            "94",
            "96",
            "99",
            "102",
            "105",
            "108",
            "114",
            "120",
            "138",
            "141",
            "147",
            "150"
        ],
        "pickRoute": [
            "1590",
            "1089",
            "581",
            "1961",
            "1336",
            "1059",
            "471",
            "2047",
            "103",
            "678",
            "597",
            "1838",
            "785",
            "1053",
            "2066",
            "1918",
            "44",
            "549",
            "1938",
            "1378",
            "174",
            "2043",
            "2033",
            "1133",
            "1280",
            "854",
            "906",
            "2169",
            "762",
            "804",
            "1503",
            "1302",
            "1990",
            "1878",
            "1439",
            "1439",
            "1207",
            "960",
            "197",
            "1322",
            "199",
            "627"
        ],
        "SKUs": [
            "140",
            "208",
            "20",
            "50",
            "19",
            "177",
            "66",
            "8",
            "82",
            "13",
            "213",
            "222",
            "109",
            "169",
            "73",
            "40",
            "223",
            "78",
            "41",
            "155",
            "151",
            "47",
            "36",
            "142",
            "228",
            "74",
            "51",
            "160",
            "156",
            "110",
            "161",
            "148",
            "134",
            "81",
            "147",
            "147",
            "207",
            "139",
            "115",
            "42",
            "227",
            "35"
        ],
        "distance": 228.060546875,
        "computational_time": 7.425587
    },
    "batch_2": {
        "orders": [
            "8",
            "20",
            "26",
            "29",
            "32",
            "38",
            "41",
            "44",
            "50",
            "53",
            "55",
            "56",
            "59",
            "65",
            "68",
            "71",
            "74",
            "80",
            "83",
            "88",
            "95",
            "98",
            "131",
            "140",
            "143",
            "146",
            "149",
            "155"
        ],
        "pickRoute": [
            "1602",
            "1556",
            "2012",
            "1965",
            "1855",
            "1543",
            "1705",
            "834",
            "834",
            "393",
            "898",
            "1585",
            "371",
            "1481",
            "564",
            "1211",
            "748",
            "700",
            "1363",
            "1918",
            "1280",
            "2163",
            "1636",
            "198",
            "380",
            "1835",
            "1484",
            "778",
            "1245",
            "1351",
            "226",
            "122",
            "2090",
            "149",
            "1991",
            "1868",
            "570",
            "1584",
            "2",
            "1335",
            "1271",
            "590",
            "1501",
            "429"
        ],
        "SKUs": [
            "130",
            "131",
            "196",
            "216",
            "220",
            "197",
            "11",
            "79",
            "79",
            "95",
            "45",
            "76",
            "39",
            "141",
            "96",
            "146",
            "46",
            "221",
            "211",
            "40",
            "228",
            "119",
            "100",
            "85",
            "99",
            "80",
            "118",
            "29",
            "123",
            "65",
            "113",
            "57",
            "108",
            "49",
            "212",
            "237",
            "61",
            "215",
            "104",
            "226",
            "77",
            "72",
            "145",
            "12"
        ],
        "distance": 237.03125,
        "computational_time": 7.387304
    },
    "batch_3": {
        "orders": [
            "3",
            "18",
            "21",
            "36",
            "39",
            "42",
            "48",
            "60",
            "63",
            "66",
            "69",
            "72",
            "81",
            "84",
            "87",
            "110",
            "111",
            "117",
            "119",
            "123",
            "125",
            "126",
            "129",
            "132",
            "135",
            "144",
            "153",
            "156"
        ],
        "pickRoute": [
            "33",
            "1089",
            "622",
            "1650",
            "1130",
            "2133",
            "1233",
            "1020",
            "1740",
            "995",
            "2016",
            "1748",
            "1748",
            "1477",
            "1753",
            "1913",
            "731",
            "79",
            "828",
            "828",
            "1203",
            "379",
            "552",
            "1298",
            "1569",
            "2001",
            "1635",
            "1635",
            "205",
            "205",
            "1448",
            "583",
            "867",
            "1931",
            "1695",
            "669",
            "1032",
            "965",
            "678",
            "1422",
            "1491",
            "2057",
            "1664",
            "968",
            "211",
            "309",
            "259",
            "1261",
            "906",
            "1473",
            "1789",
            "1008",
            "1990",
            "407",
            "1682",
            "250",
            "1805",
            "253"
        ],
        "SKUs": [
            "238",
            "208",
            "59",
            "233",
            "120",
            "204",
            "69",
            "62",
            "97",
            "25",
            "54",
            "185",
            "185",
            "172",
            "58",
            "192",
            "234",
            "186",
            "175",
            "175",
            "180",
            "199",
            "91",
            "4",
            "166",
            "86",
            "87",
            "87",
            "92",
            "92",
            "218",
            "239",
            "129",
            "181",
            "30",
            "124",
            "31",
            "101",
            "13",
            "26",
            "70",
            "203",
            "55",
            "106",
            "198",
            "193",
            "121",
            "217",
            "51",
            "128",
            "209",
            "105",
            "134",
            "187",
            "184",
            "176",
            "165",
            "164"
        ],
        "distance": 323.548828125,
        "computational_time": 7.346467
    },