{
    "batch_1": {
        "orders": [
            "1",
            "2",
            "7",
            "16",
            "26",
            "31",
            "32",
            "37",
            "42",
            "46",
            "52",
            "61",
            "67",
            "68",
            "70",
            "83",
            "84",
            "88",
            "91",
            "115",
            "116",
            "118",
            "124",
            "130",
            "141"
        ],
        "pickRoute": [
            "1591",
            "341",
            "894",
            "319",
            "1994",
            "2017",
            "296",
            "1854",
            "2168",
            "967",
            "1963",
            "1691",
            "1676",
            "955",
            "640",
            "1186",
            "1399",
            "357",
            "375",
            "1482",
            "1791",
            "2084",
            "727",
            "928",
            "1084",
            "2075",
            "466",
            "1657",
            "447",
            "1526",
            "1174",
            "1586"
        ],
        "SKUs": [
            "116",
            "9",
            "61",
            "210",
            "102",
            "149",
            "26",
            "50",
            "192",
            "2",
            "75",
            "189",
            "101",
            "60",
            "227",
            "138",
            "68",
            "86",
            "201",
            "3",
            "113",
            "112",
            "145",
            "10",
            "148",
            "87",
            "25",
            "190",
            "51",
            "137",
            "41",
            "200"
        ],
        "distance": 176.212890625,
        "computational_time": 14.373868
    },
    "batch_2": {
        "orders": [
            "8",
            "17",
            "20",
            "29",
            "38",
            "40",
            "49",
            "53",
            "59",
            "62",
            "65",
            "71",
            "74",
            "76",
            "77",
            "92",
            "95",
            "98",
            "101",
            "110",
            "125",
            "128",
            "131",
            "134",
            "140"
        ],
        "pickRoute": [
            "1112",
            "1821",
            "81",
            "1811",
            "1143",
            "1698",
            "1582",
            "1118",
            "532",
            "275",
            "957",
            "824",
            "824",
            "160",
            "290",
            "1391",
            "38",
            "1042",
            "1622",
            "1363",
            "1294",
            "1339",
            "1606",
            "2082",
            "1289",
            "945",
            "1656",
            "1585",
            "1820",
            "1443",
            "1443",
            "1970",
            "952",
            "277",
            "1872",
            "1872",
            "774",
            "1411",
            "325",
            "496",
            "1792",
            "663"
        ],
        "SKUs": [
            "125",
            "65",
            "126",
            "81",
            "202",
            "33",
            "181",
            "216",
            "226",
            "27",
            "207",
            "80",
            "80",
            "62",
            "32",
            "127",
            "117",
            "154",
            "88",
            "28",
            "118",
            "159",
            "47",
            "211",
            "225",
            "63",
            "208",
            "46",
            "203",
            "150",
            "150",
            "180",
            "108",
            "98",
            "164",
            "164",
            "123",
            "165",
            "215",
            "109",
            "11",
            "103"
        ],
        "distance": 216.46484375,
        "computational_time": 14.403603
    },
    "batch_3": {
        "orders": [
            "10",
            "13",
            "19",
            "28",
            "34",
            "43",
            "55",
            "58",
            "64",
            "69",
            "73",
            "79",
            "82",
            "85",
            "97",
            "100",
            "103",
            "106",
            "109",
            "112",
            "121",
            "127",
            "133",
            "136",
            "139"
        ],
        "pickRoute": [
            "946",
            "362",
            "170",
            "1782",
            "1167",
            "1102",
            "921",
            "1570",
            "1105",
            "710",
            "1993",
            "1505",
            "1035",
            "662",
            "1793",
            "1793",
            "364",
            "1039",
            "1948",
            "1040",
            "1860",
            "1810",
            "1890",
            "806",
            "360",
            "1661",
            "608",
            "1025",
            "2118",
            "967",
            "1259",
            "2087",
            "152",
            "1238",
            "749",
            "1041",
            "1041",
            "1235",
            "165",
            "837",
            "2052",
            "930",
            "1316",
            "2138",
            "537",
            "713",
            "1110",
            "1755",
            "1441",
            "1731",
            "1163"
        ],
        "SKUs": [
            "106",
            "91",
            "69",
            "55",
            "70",
            "213",
            "223",
            "30",
            "139",
            "157",
            "44",
            "218",
            "96",
            "162",
            "14",
            "14",
            "92",
            "54",
            "140",
            "121",
            "19",
            "168",
            "136",
            "197",
            "131",
            "219",
            "97",
            "179",
            "135",
            "2",
            "130",
            "45",
            "214",
            "114",
            "115",
            "173",
            "173",
            "38",
            "198",
            "122",
            "158",
            "107",
            "184",
            "206",
            "224",
            "183",
            "163",
            "20",
            "178",
            "31",
            "205"
        ],
        "distance": 303.599609375,
        "computational_time": 14.499309
    },
    "batch_4": {
        "orders": [
            "4",
            "12",
            "21",
            "30",
            "48",
            "51",
            "57",
            "63",
            "66",
            "105",
            "108",
            "111",
            "114",
            "120",
            "137",
            "138"
        ],
        "pickRoute": [
            "1830",
            "776",
            "1131",
            "2024",
            "252",
            "2120",
            "342",
            "881",
            "326",
            "2066",
            "904",
            "904",
            "1476",
            "1664",
            "758",
            "488",
            "574",
            "256",
            "1261",
            "1764",
            "1272",
            "246",
            "1901",
            "1041",
            "706",
            "1405",
            "266",
            "777",
            "1789",
            "1431",
            "1908"
        ],