{
    "batch_1": {
        "orders": [
            "1",
            "4",
            "16",
            "28",
            "40",
            "46",
            "70",
            "79",
            "103",
            "106",
            "127"
        ],
        "pickRoute": [
            "404",
            "1993",
            "317",
            "317",
            "662",
            "169",
            "1793",
            "956",
            "601",
            "1308",
            "1087",
            "1200",
            "1111",
            "550",
            "1519",
            "1274",
            "1388",
            "2045",
            "1389",
            "1665",
            "510",
            "2053",
            "1786",
            "158",
            "1981",
            "2032",
            "1894",
            "90"
        ],
        "SKUs": [
            "4",
            "11",
            "57",
            "57",
            "173",
            "229",
            "86",
            "231",
            "275",
            "221",
            "152",
            "32",
            "56",
            "10",
            "98",
            "150",
            "87",
            "172",
            "276",
            "3",
            "151",
            "97",
            "33",
            "2",
            "31",
            "96",
            "230",
            "222"
        ],
        "distance": 164.080078125,
        "computational_time": 14.734993
    },
    "batch_2": {
        "orders": [
            "11",
            "71",
            "85",
            "98",
            "101"
        ],
        "pickRoute": [
            "390",
            "1849",
            "1436",
            "1941",
            "2131",
            "1230",
            "1190",
            "1711"
        ],
        "SKUs": [
            "219",
            "153",
            "154",
            "184",
            "213",
            "212",
            "22",
            "185"
        ],
        "distance": 139.537109375,
        "computational_time": 15.007651
    },
    "batch_3": {
        "orders": [
            "7",
            "13",
            "25",
            "49",
            "52",
            "58",
            "61",
            "82",
            "121",
            "130",
            "145"
        ],
        "pickRoute": [
            "1323",
            "1140",
            "1888",
            "1227",
            "2152",
            "1955",
            "1450",
            "1537",
            "666",
            "1683",
            "1821",
            "750",
            "1322",
            "54",
            "375",
            "1846",
            "251",
            "1866",
            "1828",
            "171"
        ],
        "SKUs": [
            "26",
            "264",
            "122",
            "104",
            "112",
            "111",
            "50",
            "279",
            "127",
            "177",
            "16",
            "49",
            "258",
            "179",
            "123",
            "310",
            "126",
            "105",
            "113",
            "178"
        ],
        "distance": 132.58984375,
        "computational_time": 14.958763
    },
    "batch_4": {
        "orders": [
            "6",
            "18",
            "27",
            "63",
            "66",
            "72",
            "87",
            "126",
            "138",
            "144",
            "147"
        ],
        "pickRoute": [
            "644",
            "922",
            "148",
            "2047",
            "41",
            "257",
            "650",
            "992",
            "1020",
            "1780",
            "2011",
            "1032",
            "16",
            "1552",
            "1986",
            "441",
            "968",
            "42",
            "230",
            "246",
            "1258",
            "1473",
            "1798",
            "430",
            "400",
            "976",
            "1604",
            "1205",
            "1207",
            "1439",
            "1343"
        ],
        "SKUs": [
            "133",
            "54",
            "35",
            "308",
            "14",
            "312",
            "313",
            "36",
            "187",
            "309",
            "295",
            "141",
            "15",
            "132",
            "273",
            "296",
            "13",
            "189",
            "55",
            "140",
            "188",
            "307",
            "37",
            "156",
            "143",
            "274",
            "155",
            "131",
            "142",
            "294",
            "157"
        ],
        "distance": 228.37890625,
        "computational_time": 14.885886
    },
    "batch_5": {
        "orders": [
            "3",
            "8",
            "9",
            "12",
            "24",
            "38",
            "41",
            "81",
            "93",
            "114",
            "120"
        ],
        "pickRoute": [
            "1814",
            "2028",
            "857",
            "1010",
            "1336",
            "551",
            "463",
            "365",
            "2142",
            "883",
            "791",
            "1524",
            "2076",
            "503",
            "498",
            "1380"
        ],
        "SKUs": [
            "17",
            "25",
            "8",
            "263",
            "176",
            "268",
            "9",
            "24",
            "250",
            "48",
            "201",
            "18",
            "23",
            "82",
            "88",
            "81"
        ],
        "distance": 199.837890625,
        "computational_time": 14.996045
    },
    "batch_6": {
        "orders": [
            "17",
            "29",
            "53",
            "62",
            "74",
            "83",
            "92",
            "94",
            "95",
            "107",
            "137"
        ],
        "pickRoute": [
            "68",
            "212",
            "108",
            "1278",
            "532",
            "1514",
            "421",
            "1481",
            "501",
            "1989",
            "964",
            "1893",
            "817",
            "1917",
            "1455",
            "1428",
            "513",
            "687",
            "1103",
            "1103",
            "215",
            "473",
            "1407",
            "325",
            "496",
            "1427",
            "1501",
            "548"
        ],
        "SKUs": [
            "203",
            "204",
            "115",
            "205",
            "292",
            "180",
            "34",
            "200",
            "232",
            "129",
            "160",
            "58",
            "207",
            "234",
            "130",
            "199",
            "114",
            "59",
            "206",
            "206",
            "233",
            "293",
            "128",
            "60",
            "181",
            "161",
            "162",
            "202"
        ],
        "distance": 181.154296875,
        "computational_time": 14.847966
    },
    "batch_7": {
        "orders": [
            "19",
            "37",
            "43",
            "55",
            "67",
            "73",
            "76",
            "109",
            "112",
            "136",
            "142"
        ],
        "pickRoute": [
            "358",
            "25",
            "1040",
            "1325",
            "1150",
            "772",
            "617",
            "2137",
            "1718",
            "18",
            "1385",
            "400",
            "1935",
            "1255",
            "101",
            "1095",
            "162",
            "2040",
            "2081",
            "1487",
            "1429",
            "110",
            "1310",
            "296"
        ],